languagerepresentation, length, time, datastructure, normtime
perl5.20-BitString, 32768, 208.172891, BitString, 0.202127341451115
perl5.20-BitString, 1024, 6.623077, BitString, 0.188615491528164
perl5.20-BitString, 16384, 105.121042, BitString, 0.203611525178229
perl5.20-BitString, 32, 0.272372, BitString, 0.0646913355051336
perl5.20-BitString, 16, 0.16806, BitString, 0.0468203348353209
perl5.20-BitString, 8192, 52.35834, BitString, 0.201175586600848
perl5.20-BitString, 128, 0.907606, BitString, 0.125507797791072
perl5.20-BitString, 2048, 13.058349, BitString, 0.195299328528063
perl5.20-BitString, 512, 3.336159, BitString, 0.173546319729289
perl5.20-BitString, 256, 1.701757, BitString, 0.150871790225286
perl5.20-BitString, 4096, 25.76566, BitString, 0.196652208043197
perl5.20-BitString, 64, 0.489, BitString, 0.0918321413621542
Go-BitVector, 1024, 4.733068376, BitVector, 0.134790825801308
Go-BitVector, 32768, 147.824960979, BitVector, 0.143531975845981
Go-BitVector, 4096, 19.083063225, BitVector, 0.14564837537343
Go-BitVector, 64, 0.337457361, BitVector, 0.0633730717363017
Go-BitVector, 256, 1.238751016, BitVector, 0.109823308161689
Go-BitVector, 128, 0.638677202, BitVector, 0.0883191264958402
Go-BitVector, 512, 2.400940805, BitVector, 0.124896457451706
Go-BitVector, 2048, 9.589567408, BitVector, 0.143420586756948
Go-BitVector, 8192, 37.943428136, BitVector, 0.145789408390467
Go-BitVector, 16, 0.103817804, BitVector, 0.0289229105387821
Go-BitVector, 32, 0.1843323, BitVector, 0.0437809417404613
Go-BitVector, 16384, 74.034972572, BitVector, 0.143400154670397
PHP-BitString, 1024, 23.1806640625, BitString, 0.660151217643656
PHP-BitString, 32768, 750.64614486694, BitString, 0.728846627933332
PHP-BitString, 32, 0.74978280067444, BitString, 0.178081633627571
PHP-BitString, 16384, 366.90199613571, BitString, 0.710661477500658
PHP-BitString, 128, 2.9241468906403, BitString, 0.404364048564988
PHP-BitString, 2048, 46.095088005066, BitString, 0.68939340921516
PHP-BitString, 512, 11.622333049774, BitString, 0.604591426085016
PHP-BitString, 64, 1.478866815567, BitString, 0.277724962091917
PHP-BitString, 4096, 93.922008991241, BitString, 0.716844453120181
PHP-BitString, 256, 5.8021740913391, BitString, 0.51440034761667
PHP-BitString, 8192, 186.82227706909, BitString, 0.717824155224942
PHP-BitString, 16, 0.37885999679565, BitString, 0.105547732391294
node-BitString, 16, 0.032117729, BitString, 0.00894777356854752
node-BitString, 8192, 10.656344426, BitString, 0.0409446965072083
node-BitString, 64, 0.090131259, BitString, 0.0169262709972125
node-BitString, 4096, 5.334807623, BitString, 0.040717051243734
node-BitString, 256, 0.338841745, BitString, 0.0300405173424936
node-BitString, 512, 0.669951801, BitString, 0.0348507578504379
node-BitString, 128, 0.173591996, BitString, 0.0240050739330905
node-BitString, 2048, 2.661463661, BitString, 0.0398045775844359
node-BitString, 16384, 21.35924739, BitString, 0.041371250274869
node-BitString, 32, 0.050894419, BitString, 0.0120879823728865
node-BitString, 32768, 45.279046917, BitString, 0.0439640979803346
node-BitString, 1024, 1.343738965, BitString, 0.0382677093092866
C++-BitString, 4096, 68.5846, BitString, 0.523460801227658
C++-BitString, 256, 4.3551, BitString, 0.386107848306276
C++-BitString, 64, 1.13898, BitString, 0.213895649015678
C++-BitString, 128, 2.21816, BitString, 0.306737038702084
C++-BitString, 2048, 34.5093, BitString, 0.516117551918202
C++-BitString, 512, 8.63622, BitString, 0.449254426234625
C++-BitString, 8192, 137.109, BitString, 0.526811650316944
C++-BitString, 16, 0.320763, BitString, 0.0893623174032015
C++-BitString, 32, 0.582954, BitString, 0.138457964835077
C++-BitString, 16384, 275.517, BitString, 0.533655636542588
C++-BitString, 1024, 17.3216, BitString, 0.493293690841017
C++-BitString, 32768, 545.012, BitString, 0.529184304881249
perl-BitString, 1024, 35.114173, BitString, 1
perl-BitString, 32768, 1029.909608, BitString, 1
perl-BitString, 32, 4.210332, BitString, 1
perl-BitString, 16384, 516.282376, BitString, 1
perl-BitString, 256, 11.279491, BitString, 1
perl-BitString, 4096, 131.021463, BitString, 1
perl-BitString, 64, 5.324933, BitString, 1
perl-BitString, 512, 19.22345, BitString, 1
perl-BitString, 128, 7.231471, BitString, 1
perl-BitString, 2048, 66.863256, BitString, 1
perl-BitString, 8192, 260.261898, BitString, 1
perl-BitString, 16, 3.589466, BitString, 1
Scala-BitString, 16384, 64.932744401, BitString, 0.125769825621551
Scala-BitString, 32, 0.138533372, BitString, 0.0329031943324184
Scala-BitString, 8192, 32.141293477, BitString, 0.123495962044356
Scala-BitString, 16, 0.106083361, BitString, 0.0295540787961218
Scala-BitString, 2048, 8.325956743, BitString, 0.124522155232763
Scala-BitString, 512, 2.033624344, BitString, 0.105788729078287
Scala-BitString, 128, 0.505751517, BitString, 0.0699375710695652
Scala-BitString, 64, 0.263253553, BitString, 0.0494379089840191
Scala-BitString, 4096, 16.25921805, BitString, 0.124095836496651
Scala-BitString, 256, 1.070102061, BitString, 0.0948714849810156
Scala-BitString, 32768, 129.33726306, BitString, 0.125581179217429
Scala-BitString, 1024, 3.99146544, BitString, 0.113671064957161
Java-BitSet, 32, 0.000598578, BitSet, 0.000142168836091786
Java-BitSet, 16384, 0.000000078, BitSet, 1.51080113569478e-10
Java-BitSet, 4096, 0.000557521, BitSet, 4.25518832742693e-06
Java-BitSet, 256, 0.000552992, BitSet, 4.90263257446635e-05
Java-BitSet, 64, 0.000611485, BitSet, 0.000114834308713368
Java-BitSet, 128, 0.000557745, BitSet, 7.71274613422359e-05
Java-BitSet, 512, 0.000553642, BitSet, 2.88003454114636e-05
Java-BitSet, 2048, 0.000553865, BitSet, 8.28354814189725e-06
Java-BitSet, 16, 0.002571587, BitSet, 0.000716426064489816
Java-BitSet, 8192, 0.00062664, BitSet, 2.4077285411943e-06
Java-BitSet, 1024, 0.000566703, BitSet, 1.61388679152432e-05
Java-BitSet, 32768, 0.000000049, BitSet, 4.75769908537449e-11
julia-BitString, 32, 1.8155708312988281, BitString, 0.431217973142932
julia-BitString, 16384, 82.5377049446106, BitString, 0.159869305599947
julia-BitString, 512, 4.687888145446777, BitString, 0.243862997820203
julia-BitString, 128, 2.4018750190734863, BitString, 0.332141969327331
julia-BitString, 2048, 13.773070096969604, BitString, 0.205988623960664
julia-BitString, 256, 3.180053949356079, BitString, 0.281932398310888
julia-BitString, 4096, 25.84491801261902, BitString, 0.197257131929744
julia-BitString, 64, 2.02050518989563, BitString, 0.379442368551047
julia-BitString, 16, 1.7325592041015625, BitString, 0.482678817434561
julia-BitString, 8192, 46.394806146621704, BitString, 0.178261998791009
julia-BitString, 1024, 7.708909034729004, BitString, 0.219538390801031
julia-BitString, 32768, 171.22132086753845, BitString, 0.166248881977163
perl5.22-BitString, 1024, 6.563524, BitString, 0.186919509680607
perl5.22-BitString, 32768, 209.121516, BitString, 0.203048417429659
perl5.22-BitString, 4096, 26.193001, BitString, 0.199913818700071
perl5.22-BitString, 256, 1.760886, BitString, 0.156113959397636
perl5.22-BitString, 64, 0.488514, BitString, 0.0917408726081624
perl5.22-BitString, 512, 3.380692, BitString, 0.175862917426372
perl5.22-BitString, 128, 0.912635, BitString, 0.126203230297128
perl5.22-BitString, 2048, 13.081961, BitString, 0.195652467178685
perl5.22-BitString, 16, 0.164675, BitString, 0.0458772976258864
perl5.22-BitString, 8192, 52.089011, BitString, 0.200140748224314
perl5.22-BitString, 32, 0.273791, BitString, 0.0650283635589782
perl5.22-BitString, 16384, 103.609272, BitString, 0.200683340777063
C-char[], 64, 0.043976, char[], 0.00825850766573026
C-char[], 4096, 2.654057, char[], 0.0202566582545335
C-char[], 256, 0.168039, char[], 0.0148977467156984
C-char[], 2048, 1.329405, char[], 0.0198824448513246
C-char[], 128, 0.085193, char[], 0.011780867267531
C-char[], 512, 0.334151, char[], 0.0173824677672322
C-char[], 16, 0.014778, char[], 0.0041170469367867
C-char[], 8192, 5.295050, char[], 0.020345083320648
C-char[], 32, 0.023213, char[], 0.00551334194073056
C-char[], 16384, 10.588549, char[], 0.0205092203263588
C-char[], 1024, 0.667286, char[], 0.0190033238145748
C-char[], 32768, 21.237932, char[], 0.0206211611533971
lua-BitString, 16384, 1783.868821, BitString, 3.45521928294527
lua-BitString, 32, 1.020274, BitString, 0.242326258356823
lua-BitString, 8192, 596.052684, BitString, 2.2902034011909
lua-BitString, 16, 0.482718, BitString, 0.134481842145879
lua-BitString, 256, 8.097873, BitString, 0.717928938460078
lua-BitString, 4096, 219.725184, BitString, 1.67701671900885
lua-BitString, 64, 1.989587, BitString, 0.373636062650929
lua-BitString, 512, 17.297089, BitString, 0.899791088488279
lua-BitString, 128, 3.681755, BitString, 0.509129470338746
lua-BitString, 2048, 87.791264, BitString, 1.31299714150923
lua-BitString, 1024, 36.888123, BitString, 1.05051948681804
Rust-BitVector, 32, 0.116905444, BitVector, 0.0277663243658695
Rust-BitVector, 256, 0.869212381, BitVector, 0.0770613125184461
Rust-BitVector, 4096, 13.696823025, BitVector, 0.104538773353492
Rust-BitVector, 64, 0.225880925, BitVector, 0.0424194867803971
Rust-BitVector, 128, 0.440298082, BitVector, 0.0608863787187973
Rust-BitVector, 2048, 6.858557940, BitVector, 0.102575889214848
Rust-BitVector, 512, 1.742157975, BitVector, 0.0906267072247697
Rust-BitVector, 8192, 27.426972689, BitVector, 0.105382205001056
Rust-BitVector, 16, 0.062120758, BitVector, 0.0173064065796974
Rust-BitVector, 1024, 3.437434906, BitVector, 0.0978930902345329
Python-BitString, 16384, 1081.017637, BitString, 2.09384958164832
Python-BitString, 32, 1.974805, BitString, 0.46903783359602
Python-BitString, 8192, 494.210059, BitString, 1.89889516213395
Python-BitString, 16, 1.01801, BitString, 0.283610431189486
Python-BitString, 128, 7.847731, BitString, 1.0852191760155
Python-BitString, 512, 30.798611, BitString, 1.60213754554984
Python-BitString, 2048, 123.757975, BitString, 1.85091158288792
Python-BitString, 4096, 247.846431, BitString, 1.89164756159073
Python-BitString, 256, 15.681032, BitString, 1.39022514402467
Python-BitString, 64, 3.912472, BitString, 0.734745770510164
Python-BitString, 1024, 61.380744, BitString, 1.7480333083738
